id,phase,category,item,spec_notes,qty,unit_usd_est,line_usd_est,source,price_checked,status,design_ref
A-01,A bench kit,Actuators,"Feetech ST3215 serial bus servo, 12 V 30 kg.cm (ST3215-C047)","Bench leg: yaw + hip + knee + 1 spare. 12 V variant ONLY: listings mix in the 7.4 V 19.5 kg.cm one, so check the label. Keep the accessory bag (horn, idler, screws): it answers the horn-thread question (B23).",4,23.99,95.96,Seeed https://www.seeedstudio.com/STS3215-30KG-Serial-Servo-p-6340.html (alt: Waveshare https://www.waveshare.com/st3215-servo.htm $16.99-21.99),2026-09-26,to buy,actuators.st3215; bus.leg_ids; D002; D047
A-02,A bench kit,Bus,Waveshare Bus Servo Adapter (A),"The robot's bus path: USB-C to the Feetech TTL bus, used by rocky_driver, the bench/ scripts and the cockpit hardware bridge (/dev/ttyACM0). Servo power in 9-12.6 V.",1,4.99,4.99,Waveshare https://www.waveshare.com/bus-servo-adapter-a.htm,2026-09-26,to buy,driver/rocky_driver; D003
A-03,A bench kit,Bus,Waveshare Servo Driver with ESP32,"Bench first-motion tool: its stock web UI (phone on the ESP32_DEV hotspot, 192.168.4.1) scans the bus, sets IDs and moves a servo with no code. NOT the robot's bus master: rocky_driver talks only through the Bus Servo Adapter (A). Input DC 6-12 V: run it from the bench supply at 12.0 V, not a full 3S pack (12.6 V).",1,15.99,15.99,Waveshare https://www.waveshare.com/servo-driver-with-esp32.htm,2026-09-26,to buy,D003; bench/BENCH_RUNBOOK.md
A-04,A bench kit,Power,Adjustable bench supply 0-30 V / 0-10 A with a constant-current limit,"First contact at 12.0 V with a ~1.5 A limit, then the whole bench leg. Any CV/CC switching supply with an output switch. Can later feed the DC-input charger.",1,60.00,60.00,"est: Amazon 30 V 10 A CV/CC class (NICE-POWER, Jesverty SPS-3010) from ~$40; Dr.meter 30V/10A $79.99 https://drmeter.com/products/dc-bench-power-supply-30v-10a-dr-meter",est,to buy,bench/BENCH_RUNBOOK.md section 0; bus.safety.volt_max_v
A-05,A bench kit,Power,Budget alternative to the adjustable supply: Mean Well LRS-150-12 (fixed 12 V 12.5 A) + inline XT60 wattmeter,No current limit: a wiring fault on first contact sees up to 12.5 A. Use only with a fuse in the lead and the wattmeter watched. Replaces the adjustable supply; not counted in the totals.,1,31.80,31.80,Digi-Key LRS-150-12 $19.80 https://www.digikey.com/en/products/detail/mean-well-usa-inc/LRS-150-12/7705011 (search listing) + wattmeter est $12,2026-09-26,alternative,bench/BENCH_RUNBOOK.md section 0
A-06,A bench kit,Wiring,"Feetech 3-pin servo leads, 150-300 mm (5264-3P)",Servo-to-servo data daisy (yaw -> hip -> knee) and the raw material for the per-leg power leads (splitter row). Each servo also ships with one 150 mm lead. Whole-robot quantity.,20,0.80,16.00,est: Waveshare / AliExpress,est,to buy,WIRING_HARNESS; interfaces.leg_port
A-07,A bench kit,Wiring,5.5 x 2.1 mm DC barrel pigtails,Bench supply into the DC jacks of the adapter and the ESP32 board.,2,2.50,5.00,est,est,to buy,
A-08,A bench kit,Fasteners,PA2.0 x 6 self-tapping screws (100),"Servo rim screws: 4 per cup x 3 cups per leg = 60 for the robot, plus coupons. VERIFY the size against the servo bag first (the STEP pilot is 1.5 mm).",1,6.00,6.00,est,est,to buy,servo_st3215.case_screw; servo_mount.servo_cup; D047
A-09,A bench kit,Fasteners,M3 x 6 pan/button head (100),"Horn screws: 4 per servo (yaw hub + hip and knee couplers) = 12 per leg, 60 for the robot. The servo bag may cover some.",1,6.00,6.00,est,est,to buy,servo_st3215.horn_screw_m; part_coxa; part_coupler
A-10,A bench kit,Fasteners,M3 x 8 pan/button head (100),"Coupler clamps 4 per leg (20), plus the deck-grid parts (sled rails, dock, star-board bracket, tray tabs, skids).",1,6.00,6.00,est,est,to buy,part_coupler; part_femur; part_battery; part_busboard
A-11,A bench kit,Fasteners,M3 x 10 socket head (50),"Tube pinch bolt 1 per leg, I1 leg-port thumbscrews 2 per leg (a printed thumb_knob_m3 goes over the head), I6 set knobs.",1,5.00,5.00,est,est,to buy,interfaces.leg_port.thumbscrew_m; part_tibia; part_panel.thumb_knob_m3
A-18,A bench kit,Fasteners,M3 x 12 pan/button head (50),"Plate B to the femur bridge bosses: 4 per leg (20). D062: plate B's rails are 8 mm, so an M3 x 12 reaches 4 mm into the 7.2 mm boss bore (an M3 x 8 would reach none).",1,5.00,5.00,est,est,to buy,part_femur
A-12,A bench kit,Fasteners,M2 x 6 pan head + M2 washers (20 each),Only if the real horn is M2-tapped: the first screw into the horn on coupon_yaw_hub settles it.,1,4.00,4.00,est,est,choice,servo_st3215.horn_screw_m; B23
A-13,A bench kit,Fasteners,M3 brass heat-set inserts 4.6 x 5.7 (100),"I1 deck thumbscrew pockets (10), bench jig (8), plate B bosses if it comes off often (20, B26). The pocket size comes from the fit ladder (B28).",1,15.00,15.00,ruthex RX-M3x5.7 $8.61 at 3DJake https://www.3djake.com/ruthex/threaded-insert-m3-100-pieces (search listing); ~$17 on Amazon,2026-09-26,to buy,print.heatset_m3_d; cad/iface.py; part_bench_jig; B26
A-14,A bench kit,Consumables,Blue threadlocker + CA glue,Horn screws into the metal horn; blank idlers.,1,10.00,10.00,est,est,to buy,
A-15,A bench kit,Mechanical,Carbon fibre tube 10 mm OD x 8 mm ID x 500 mm,"Tibia, ~120 mm per leg: two tubes cover five legs + a spare. The cut length is not computed in the repo yet (VERIFY at the tibia stack).",2,8.00,16.00,est,est,to buy,leg.tibia_tube_od; leg.tibia_tube_id; part_tibia; mass_hw.tibia_tube
A-16,A bench kit,Mechanical,"Compression spring assortment, OD 10-12.5 mm","SEA foot spring: 13.2 mm bore with ~12 mm left beside the slider flange, 7 mm travel. Free length and rate VERIFY (backlog: SEA spring spec); the foot-switch model assumes contact at ~2 N.",1,10.00,10.00,est,est,to buy,leg.sea_travel; part_tibia; sensing.foot_switch; D010
A-17,A bench kit,Sensors,KW10 sub-miniature microswitch (10),SEA foot contact x5 (pocket 6.8 x 13.2 x 6.2) + whiskers x2 + spares; one goes in the bench leg.,1,8.00,8.00,est: Amazon KW10-Z 10-packs,est,to buy,part_tibia; sensing.foot_switch; D010; B11
B-01,B full robot,Actuators,"Feetech ST3215 12 V 30 kg.cm, to 16 total",Legs 1-4. Same variant check. Ordering 10 or more at once gets Seeed's 10+ price.,12,22.99,275.88,"Seeed 10+ price, https://www.seeedstudio.com/STS3215-30KG-Serial-Servo-p-6340.html",2026-09-26,to buy,actuators.st3215; bus.leg_ids; D002
B-02,B full robot,Actuators,"Feetech SCS0009 micro bus servo, 6 V","5 claws + 1 spare. 6 V domain ONLY (the UBEC row), never the 12 V rail (D016); protocol 0 on the shared data line. Can wait if the plain foot walks first (B25).",6,9.00,54.00,Seeed https://www.seeedstudio.com/Feetech-SCS0009-Servo-p-6535.html ($8.00 at 10+),2026-09-26,to buy,actuators.scs0009; bus.hand_ids; D016; B25
B-03,B full robot,Compute,"Raspberry Pi 5, 8 GB","The onboard loop (B35), SLAM, the camera, the Wi-Fi fingerprint (D057). The brains run on a separate GPU computer over Wi-Fi (D054, D055). Nothing needs the Pi before one leg walks on the bench, and 2026 prices are memory-driven.",1,175.00,175.00,PiShop.us https://www.pishop.us/product/raspberry-pi-5-8gb/ (Adafruit $200; 4 GB $110),2026-09-26,wait until one leg walks,B35; D054; D057
B-04,B full robot,Compute,Pi 5 Active Cooler + 64 GB A2 microSD,Buy with the Pi.,1,20.95,20.95,PiShop.us cooler $10.95 https://www.pishop.us/product/raspberry-pi-active-cooler/ + microSD est $10,2026-09-26,wait until one leg walks,part_avionics
B-05,B full robot,Power,"3S LiPo 5200 mAh, SOFT case, XT60","Must fit the sled: <= 138 x 44 x 25 mm (D062). Hard-case 5200s are ~37 mm tall and do not fit the 30 mm bay. The listed pack: 132 x 43 x 25 mm, 343 g, 50C. One pack to start; a second is optional.",1,34.99,34.99,Zeee https://zeeebattery.com/products/zeee-3s-lipo-battery-5200mah-50c-11-1v-xt60,2026-09-26,to buy,interfaces.battery_sled; mass_hw.battery_3s_5200
B-06,B full robot,Power,"LiPo balance charger, DC 200 W + USB-C PD input (SkyRC B6neo class)","Runs from the bench supply or a USB-C PD laptop charger. Wall-powered option: ISDT 608AC, $77.99 at RaceDayQuads.",1,35.99,35.99,Makerfire https://shop.makerfire.com/products/skyrc-b6-b6neo-smart-charger (search listing),2026-09-26,to buy,
B-07,B full robot,Safety,LiPo charge bag + balance-lead voltage alarm x2,"Charge in the bag, never unattended. The alarm rides the balance lead whenever the robot runs: the driver's 9.9 V floor is software, this is not.",1,16.00,16.00,est (1-8S alarms $2.79-5.90 in search listings),est,to buy,bus.safety.volt_min_v
B-08,B full robot,Power,XT60 loop key (arming plug),"Arms the robot and is the E-stop in the pack lead, reachable on the carapace. A DC-rated >= 20 A rocker is the alternative.",1,5.00,5.00,est,est,to buy,WIRING_HARNESS
B-09,B full robot,Power,Inline blade-fuse holder (14 AWG) + 15 A fuses (5),Main fuse right after the pack.,1,8.00,8.00,est,est,to buy,WIRING_HARNESS power budget
B-10,B full robot,Power,5 V 5 A buck (Pololu D24V50F5) + 1000 uF 16 V capacitor,"Pi 5 through the GPIO 5 V pins, which skips USB-C PD: tell the firmware it has 5 A (EEPROM PSU_MAX_CURRENT=5000, or usb_max_current_enable=1). Pololu lists stock as rationed.",1,34.00,34.00,Pololu $32.95 https://www.pololu.com/product/2851 + capacitor,2026-09-26,to buy,interfaces.avionics_tray; WIRING_HARNESS
B-11,B full robot,Power,"6 V UBEC, 3 A (Hobbywing UBEC-3A)","Hand-servo rail (D016) + a spare. Set the jumper to 6 V and measure before any claw is plugged in. Input 2-6S, 11 g.",2,8.99,17.98,Hobbywing https://www.hobbywingdirect.com/products/ubec-3a-2-6s-lipo-input,2026-09-26,to buy,D016; bus.hand_ids
B-12,B full robot,Connectors,XT60 pairs x5 + XT60E-M panel mounts x3 (genuine Amass),"Pack lead, sled nose, bay dock (I5), dock tower (B14), spares.",1,12.00,12.00,est: rcbattery.com,est,to buy,interfaces.battery_sled.xt60_float; part_battery; part_dock
B-13,B full robot,Connectors,XT30 pairs (genuine Amass),"Five leg drops (I1), two I5 spare taps, spares.",10,0.45,4.50,est: rcbattery.com ($2.19 per 5 pairs in July),est,to buy,interfaces.leg_port.conn_power
B-14,B full robot,Wiring,Per-leg 12 V splitter (DIY): the leg's XT30 -> three servo power leads,"Fans the leg's 12 V out at the coxa, one lead per servo: never carry a leg's 12 V through the servos' 2 A connector pins. Data + GND still daisy-chain. Built from the XT30, servo-lead and wire rows.",5,2.00,10.00,est,est,to buy,WIRING_HARNESS; review 2026-09-22
B-15,B full robot,Wiring,Silicone wire + heat-shrink lot,"14 AWG red/black 1 m each (pack -> fuse -> loop key -> bus bar), 20 AWG red/black 3 m each (leg 12 V), 24-26 AWG colours (data, 6 V, sensors), heat-shrink assortment.",1,25.00,25.00,est,est,to buy,WIRING_HARNESS gauge table
B-16,B full robot,Wiring,JST-XH 2.54 mm kit (2-6 pin housings + terminals),I1 data drop XH-5 x5 and the star board. Crimper: tools rows.,1,13.00,13.00,est,est,to buy,interfaces.leg_port.conn_data; docs/WIRING_HARNESS.md (star board)
B-17,B full robot,Wiring,"JST-SH 3-pin pre-crimped cable, 100 mm plug-plug","I2 tool socket (6 V, GND, TTL) x5 + spares; hand-crimping SH is not worth it.",10,1.50,15.00,Adafruit 6404 https://www.adafruit.com/product/6404,2026-09-26,to buy,interfaces.tool_socket.conn
B-18,B full robot,Wiring,"Star board: 2.54 mm perfboard, XH-5 right-angle x1, XH-5 vertical x5, XH-6 vertical x1",The star-of-daisies hub; the XH-6 takes the five foot-switch lines to the Pi (one GPIO per leg).,1,10.00,10.00,est,est,to buy,part_busboard; docs/WIRING_HARNESS.md (star board)
B-19,B full robot,Mechanical,N35 disc magnets 6 x 3 mm (50),"I3: shell feet 5, hatch seats 5, cap plugs 5, belly door 2, coupons. NORTH faces out.",1,9.00,9.00,est,est,to buy,interfaces.panel_latch.magnet_d; part_shell; part_battery; D030
B-20,B full robot,Mechanical,M3 flat washers (100),Deck magnet strikes x5 (glued into the 8 mm recesses) + trim-cup ballast (B3).,1,4.00,4.00,est,est,to buy,part_deck; part_smallwins.trim_cup; B3
B-21,B full robot,Fasteners,M2.5 x 6 / x 8 screw assortment,"Pi 5 into the printed thread-forming standoffs (58 x 49 pattern), BNO085 through the TPU grommets (B4).",1,6.00,6.00,est,est,to buy,part_avionics; part_smallwins.imu_grommet; B4
B-22,B full robot,Materials,"TPU 95A 1.75 mm, 1 kg",Foot pads and IMU grommets.,1,24.99,24.99,Overture https://overture3d.com/products/overture-tpu (search listing),2026-09-26,to buy,part_footpad; leg.foot.pad_crown; B4; B25
C-01,C senses,Sensors,Adafruit BNO085 9-DOF IMU (4754),"Run it on SPI: a Pi's I2C mishandles its clock stretching, and UART-RVC sends angles + acceleration only, no gyro rates, which the brace trip and the odometry EKF need. SPI uses 4 lines + INT + RST. sim/sim_imu.py is its model.",1,29.50,29.50,Adafruit https://www.adafruit.com/product/4754,2026-09-26,to buy,reflex.gyro_trip; sim/sim_imu.py; B35
C-02,C senses,Sensors,LDRobot D500 lidar kit (STL-19P),"360 deg, 0.03-12 m, 10 Hz, <= 0.72 deg, UART 230400, 5 V 290 mA, 45 g, 38.6 x 38.6 x 33.5 mm; kit includes a USB adapter; ROS 2 SDK. Unblocks the hatch-cap mount (B12) and a params lidar block (B40). The LD19 / D300 kit is discontinued.",1,95.99,95.99,Waveshare https://www.waveshare.com/D500-LiDAR-Kit.htm,2026-09-26,to buy,sim/sim_lidar.py; sim/laserscan_spec.json; B12; B40; D024; D057
C-03,C senses,Sensors,Alternative to the D500: used Xiaomi/Roborock LDS02RR vacuum lidar,"~$17-30 but ~190 g against 45 g: eats most of the payload margin, and a used part is a gamble. Not counted in the totals.",1,25.00,25.00,"est (eBay / AliExpress, July prices)",est,alternative,D024; mass_hw.electronics_pod
C-04,C senses,Sensors,Raspberry Pi Camera Module 3 Wide + Pi 5 camera cable (22-pin to 15-pin),"Fixed, forward, behind a shell gill (B16); no pan turret. 120 deg diagonal (~102 x 67 deg). The sim eye is fovy 70 at 4:3 (~86 deg wide): match it when the camera is in hand. Cable length follows the B16 bracket (200-300 mm).",1,41.20,41.20,Adafruit 5658 $38.50 https://www.adafruit.com/product/5658 + Pi 5 cable $2.70,2026-09-26,to buy,sim/world_builder.py EYE_CAM; B16; D054
D-01,D voice/brain,Audio,MAX98357A I2S amplifier (Adafruit 3006) + 40 mm 4 ohm 3 W speaker,"Chord-speak from the robot itself (today it plays in the browser, D051). Uses the Pi's only I2S (GPIO 18/19/21).",1,10.90,10.90,Adafruit 3006 $5.95 https://www.adafruit.com/product/3006 + speaker est $4.95,2026-09-26,optional,audio/chordspeak2.py; D051
D-02,D voice/brain,Audio,USB mini microphone,Onboard ears for hands-free talk; today the cockpit takes the phone or laptop mic to a desk speech server (D054). USB keeps the header free.,1,6.00,6.00,est (Adafruit 3367 class),est,optional,D054
D-03,D voice/brain,Audio,Alternative to the amplifier + USB mic: Seeed ReSpeaker 2-Mics Pi HAT v2.0,"Two mics and a codec on one HAT, but it takes the I2S pins, SPI0 MOSI/SCLK (its APA102 LEDs, which an SPI0 IMU would also clock), GPIO17 and the whole header. Replaces the amplifier + USB mic rows; not counted in the totals.",1,13.99,13.99,Seeed https://www.seeedstudio.com/ReSpeaker-2-Mics-Pi-HAT.html,2026-09-26,alternative,backlog: Pi pin map
X-01,X optional/tools,Sensors,INA228 power monitor (Adafruit 5832),"One on the 12 V servo feed after the fuse: pack voltage under load, a charge/energy accumulator for a real battery gauge, and ground truth for the servos' own PRESENT_CURRENT (6.5 mA/count) that the thermal model rests on. The onboard 15 mOhm shunt reads to ~10.9 A (walking 4-6 A, peaks 8-10). I2C 0x40. Design change (mount + I2C pins): backlog.",1,14.95,14.95,Adafruit https://www.adafruit.com/product/5832,2026-09-26,optional,bus.safety.volt_min_v; D052a; B35
X-02,X optional/tools,Sensors,Downward ToF: Pololu VL53L4CD carrier,"One per leg looking down ahead of the foot: sees a drop before a foot probes into it (the probe guard's lip band, D050 / B33c). 1-1200 mm, 18 deg FoV, 0.5 g. All five share I2C address 0x29: an XSHUT GPIO each or a TCA9548A. Grid option: VL53L8CX (B40). Design change (mounts, harness, driver, sim model): backlog.",5,13.95,69.75,Pololu https://www.pololu.com/product/3692,2026-09-26,optional,D050; B33; B40
X-03,X optional/tools,Safety,"Remote kill relay: 12 V 30 A relay + 433 MHz fob, latching mode","Cuts the 12 V servo feed from across the room with no Pi, Wi-Fi or brain in the path (the model-independent stop of D055 is still software). Latching = a remote OFF button, not a dead-man: losing the radio does not trip it. Normally-open contact in series after the fuse; VERIFY its DC rating. ~25 g, needs a mount: backlog.",1,15.00,15.00,est (12 V 30 A remote relay listings),est,optional,D055; WIRING_HARNESS
X-04,X optional/tools,Compute,"USB Wi-Fi adapter with an external antenna (MT7921AU class, in-kernel mt7921u driver)","Only if the Pi 5's PCB antenna (no u.FL) reads poorly inside the closed carapace: the host heartbeat (B35), the brains on the desk (D054) and the radio fingerprint of D057 all ride Wi-Fi. Measure RSSI in and out of the shell first.",1,35.00,35.00,est (ALFA AWUS036AXML ~$70 is the larger known-good option),est,optional,B35; D054; D057
X-05,X optional/tools,Tools,"USB logic analyzer, 8 ch 24 MHz (sigrok / PulseView)","Decodes the 1 Mbps half-duplex servo bus (the runbook's 'checksum errors under load' row), SPI to the IMU and I2C.",1,12.00,12.00,est (listings under $20),est,optional,bench/BENCH_RUNBOOK.md troubleshooting
X-06,X optional/tools,Power,Second 3S 5200 mAh soft-case pack,When walking time matters; same size limit as the main pack.,1,34.99,34.99,"Zeee, same page as the main pack",2026-09-26,optional,interfaces.battery_sled
X-07,X optional/tools,Mechanical,"2 mm stainless rod, 300 mm","Hand hinge pins (15, cut to length) in the 2.1 mm bores; 1.75 mm filament is the zero-cost default.",1,5.00,5.00,est,est,optional,part_hand
X-08,X optional/tools,Sensors,0.8-1.2 mm piano wire,"Whiskers in the printed whisker_shoe (1.3 mm bores), switched by two of the KW10 microswitches.",1,5.00,5.00,est,est,optional,part_smallwins.whisker_shoe; B11
X-09,X optional/tools,Sensors,"Sensor pod set: US-100 x5, TCA9548A, BME688, AM312 PIR x3","The PERCEPTION_PLAN sensor pods, later: no pod CAD, driver or sim model yet, and trig/echo sonar costs 10 GPIO.",1,64.00,64.00,Adafruit 4019 / 2717 + Pimoroni BME688 (July prices),est,optional,docs/PERCEPTION_PLAN.md; interfaces.dovetail
X-10,X optional/tools,Sensors,Depth camera with onboard compute (OAK-D Lite class),Later or on a bigger platform: B40 puts it after the lidar and the ToF.,1,150.00,150.00,est (July price $128),est,optional,B40
X-11,X optional/tools,Tools,"Digital calipers, 150 mm","Fit ladder, servo and pack measurements: every VERIFY in params.",1,25.00,25.00,est,est,have,cad/params.yaml; B28
X-12,X optional/tools,Tools,Multimeter,"Supply check before first contact, 6 V check before any claw, continuity on every drop.",1,25.00,25.00,est,est,have,D016
X-13,X optional/tools,Tools,Digital scales: 0.1 g pocket + 1 g kitchen,"Every mass_hw number is VERIFY on a scale (sim/mass_budget.json, the torque audit).",1,20.00,20.00,est,est,have,mass_hw
X-14,X optional/tools,Tools,Soldering iron with a heat-set insert tip,"Inserts, the star board, the splitters.",1,45.00,45.00,est,est,have,print.heatset_m3_d
X-15,X optional/tools,Tools,JST-XH crimper (PA-09 class),XH-5 looms crimped at their measured length.,1,35.00,35.00,est,est,have,docs/WIRING_HARNESS.md (star board)
X-16,X optional/tools,Materials,"PETG 1.75 mm, 1 kg",Structural leg parts and the shell.,2,20.00,40.00,est,est,have,PRINT_PLAN
X-17,X optional/tools,Materials,"PLA 1.75 mm, 1 kg","Coupons, servo blanks, jigs, skids.",1,18.00,18.00,est,est,have,PRINT_PLAN
